year,selling_price,km_driven,seats
2014,450000,145500,5.0
2014,370000,120000,5.0
2006,158000,140000,5.0
2010,225000,127000,5.0
2007,130000,120000,5.0
2017,440000,45000,5.0
2007,96000,175000,5.0
2001,45000,5000,4.0
2011,350000,90000,5.0
2013,200000,169000,5.0
2014,500000,68000,5.0
2005,92000,100000,5.0
2009,280000,140000,5.0
2007,200000,80000,
2009,180000,90000,5.0
2016,400000,40000,5.0
2016,778000,70000,7.0
2012,500000,53000,5.0
2002,150000,80000,5.0
2016,680000,100000,5.0
2011,174000,100000,5.0
2017,950000,50000,5.0
2015,525000,40000,5.0
2012,600000,72000,5.0
2018,500000,35000,5.0
2016,575000,45000,5.0
2017,275000,28000,5.0
2013,300000,70000,7.0
2009,220000,120000,5.0
2018,254999,25000,8.0
2017,670000,70000,5.0
2003,70000,50000,
2012,150000,35000,5.0
2018,730000,2388,5.0
2017,650000,16200,5.0
2019,330000,10000,4.0
2019,366000,15000,5.0
2019,1149000,5000,5.0
2016,150000,42000,5.0
2011,425000,60000,7.0
2012,150000,76000,4.0
2019,2100000,5000,5.0
2018,925000,28900,5.0
2013,425000,86300,5.0
2018,675000,23300,5.0
2018,819999,32600,5.0
2018,390000,10300,5.0
2014,1500000,77000,7.0
2013,700000,99000,7.0
2014,1450000,27800,5.0
2015,425000,49800,5.0
2013,1090000,151000,7.0
2015,600000,54700,5.0
2018,850000,64000,5.0
2015,525000,63000,5.0
2016,1650000,127700,7.0
2016,950000,99000,7.0
2013,1750000,33900,5.0
2018,1590000,25000,5.0
2013,1689999,50000,5.0
2013,1425000,59000,5.0
2011,265000,120000,5.0
2011,190000,110000,5.0
2013,425000,60000,5.0
2015,630000,147000,5.0
2017,600000,25000,5.0
2019,650000,30000,5.0
2016,540000,40000,5.0
2015,630000,135000,5.0
2018,448000,30000,5.0
2017,500000,80000,5.0
2016,745000,70000,5.0
2019,1025000,9850,5.0
2011,235000,60000,5.0
2016,630000,70000,5.0
2015,1700000,78000,7.0
2013,450000,120000,5.0
2012,450000,120000,7.0
2003,50000,70000,
2013,450000,170000,5.0
2016,1200000,140000,8.0
2015,610000,90000,5.0
2016,2500000,30000,5.0
2017,484999,10000,5.0
2016,275000,49000,5.0
2016,315000,32000,5.0
2016,275000,38000,5.0
2015,475000,78000,
2012,290000,28000,5.0
2017,280000,32000,5.0
2010,225000,44000,5.0
2015,455000,42000,5.0
2015,351000,45000,5.0
2012,535000,12000,5.0
2009,175000,55500,5.0
2013,525000,61500,5.0
2016,600000,150000,5.0
2016,565000,72000,5.0
2008,120000,68000,5.0
2017,725000,110000,5.0
2009,185000,77000,5.0
2010,200000,100000,5.0
2019,615000,10000,5.0
2016,270000,100000,7.0
2018,610000,35000,5.0
2014,625000,70000,8.0
2020,400000,5000,5.0
2017,866000,37800,5.0
2010,700000,114000,5.0
2010,300000,48000,5.0
2019,1700000,32000,7.0
2016,375000,100000,5.0
2013,522000,150000,5.0
2013,451999,69000,5.0
2009,300000,100000,5.0
2020,475000,13000,5.0
2016,780000,60000,5.0
2017,595000,40000,5.0
2017,440000,35000,5.0
2010,300000,120000,
2014,400000,70000,5.0
2016,1140000,50000,5.0
2017,850000,76139,5.0
2012,370000,175000,5.0
2018,350000,25000,5.0
2015,360000,40000,5.0
2008,105000,65000,5.0
2013,625000,90000,7.0
2009,135000,80000,5.0
2015,700000,110000,7.0
2019,690000,1303,5.0
2018,3975000,31800,5.0
2019,5150000,20000,5.0
2017,3200000,45000,5.0
2017,4100000,17000,5.0
2019,4500000,21000,7.0
2017,6000000,37000,5.0
2018,3790000,29500,5.0
2017,2150000,27000,
2019,5800000,7500,5.0
2018,1864999,50000,5.0
2016,2700000,35000,5.0
2019,1750000,19000,5.0
2017,795000,41000,5.0
2013,625000,39000,5.0
2018,3400000,22000,5.0
2015,2650000,53000,7.0
2015,535000,40000,5.0
2017,5850000,47000,5.0
2010,975000,72200,5.0
2016,805000,49900,5.0
2017,2625000,9000,5.0
2018,811000,11000,5.0
2011,375000,49000,5.0
2012,550000,95000,5.0
2016,645000,11000,5.0
2018,2550000,18000,5.0
2014,599000,46100,7.0
2017,2700000,16000,5.0
2017,875000,18000,5.0
2019,894999,9654,5.0
2011,175000,11000,5.0
2012,340000,24300,5.0
2016,1525000,42163,7.0
2018,1025000,8000,5.0
2016,2150000,30000,5.0
2016,1900000,41000,5.0
2016,2900000,12000,5.0
2009,450000,71000,5.0
2016,850000,20000,7.0
2017,10000000,30000,4.0
2011,300000,100000,5.0
2018,575000,9500,5.0
2011,160000,120000,5.0
2015,515000,36600,5.0
2015,390000,50000,5.0
2016,550000,14000,5.0
1999,40000,40000,4.0
2010,220000,120000,5.0
2015,425000,70000,5.0
2019,480000,13000,5.0
2014,400000,60000,5.0
2014,487000,35000,5.0
2016,386000,44000,5.0
2005,100000,120000,5.0
2010,300000,60000,5.0
2000,100000,60000,5.0
2014,1750000,30000,7.0
2016,450000,15000,6.0
2017,490000,90000,5.0
2009,345000,47000,5.0
2005,85000,90000,5.0
2010,215000,120600,5.0
2010,320000,100000,5.0
2016,459999,60000,5.0
2005,65000,86000,5.0
2020,720000,5000,5.0
2017,800000,37000,5.0
2019,520000,14000,5.0
2015,580000,70000,7.0
2012,235000,120000,
2015,600000,50000,5.0
2014,290000,60000,5.0
2016,360000,50000,5.0
2017,550000,50000,5.0
2013,375000,70000,5.0
2003,40000,90000,
2018,420000,35000,5.0
2017,550000,20000,5.0
2018,270000,20000,5.0
2018,700000,7800,5.0
2017,500000,20000,5.0
2019,1250000,15000,7.0
2013,320000,31377,5.0
2018,700000,50000,5.0
2015,290000,60000,5.0
2012,550000,100000,5.0
2012,265000,60000,5.0
2018,830000,5000,5.0
2017,800000,60000,7.0
2011,160000,25000,5.0
2018,335000,30000,5.0
2017,329000,80000,5.0
2017,775000,75000,5.0
2020,524000,32000,5.0
2015,245000,40000,5.0
2012,275000,93000,5.0
2018,520000,60000,5.0
2008,130000,120000,
2014,550000,37000,5.0
2018,910000,15000,5.0
2015,300000,80000,5.0
2016,350000,140000,5.0
2013,900000,70000,7.0
2013,300000,120000,7.0
2010,250000,110000,5.0
2017,1100000,37000,5.0
2016,270000,44000,5.0
2015,640000,80000,7.0
2015,650000,125000,7.0
2017,409999,13500,5.0
2011,165000,75000,5.0
2007,80000,120000,5.0
2012,535000,120000,7.0
2013,700000,70000,7.0
2013,550000,70000,5.0
2019,680000,15000,5.0
2009,200000,53000,5.0
2014,500000,120000,5.0
2016,1000000,70000,7.0
2008,110000,120000,5.0
2012,320000,100000,5.0
2005,75000,110000,
2015,350000,100000,5.0
2013,170000,162500,5.0
2017,800000,39000,5.0
2017,500000,75000,5.0
2017,1380000,50000,7.0
2019,1300000,40000,8.0
2013,530000,92500,5.0
2012,360000,158000,5.0
2012,310000,120000,5.0
2015,725000,50000,5.0
2012,340000,110000,5.0
2017,550000,2000,5.0
2011,1150000,181000,7.0
2016,380000,70000,5.0
2013,350000,90000,5.0
2019,610000,2000,5.0
2015,525000,20000,5.0
2011,480000,120000,7.0
2017,780000,35000,6.0
2012,320000,193000,5.0
2014,375000,80000,5.0
2019,300000,40000,5.0
2015,500000,70000,5.0
2011,404000,122358,9.0
2015,500000,75000,7.0
2017,350000,120000,5.0
2015,380000,40000,5.0
2008,114999,95200,5.0
2014,335000,33033,5.0
2015,465000,63063,5.0
2012,290000,60000,5.0
2005,110000,45000,5.0
2011,450000,80000,7.0
2009,400000,170000,7.0
2007,210000,207890,7.0
2018,4600000,7976,5.0
2016,220000,35000,8.0
2017,450000,35000,5.0
2017,450000,35000,5.0
2013,290000,50000,5.0
2016,520000,20000,5.0
2011,265000,20000,5.0
2012,330000,50000,5.0
2012,330000,50000,5.0
2014,509999,120000,7.0
2014,500000,70000,5.0
2015,525000,50000,5.0
2019,675000,16500,5.0
2010,300000,70000,5.0
2005,90000,99361,5.0
2017,650000,25000,5.0
2014,409000,70000,5.0
2015,395000,80000,5.0
2010,215000,70000,
2014,400000,70000,5.0
2012,120000,60000,5.0
2018,645000,10000,5.0
2006,81000,80000,4.0
2017,1300000,30000,5.0
2017,1250000,33000,5.0
2013,535000,90000,7.0
2014,555000,80100,5.0
2014,725000,120000,5.0
1983,300000,10000,
2016,229999,40000,5.0
2013,800000,160000,8.0
2017,409999,47000,5.0
2018,1210000,25000,5.0
2017,400000,26000,5.0
2018,520000,29000,5.0
2016,650000,50000,5.0
2011,325000,58000,5.0
2012,420000,120000,5.0
2014,400000,50000,5.0
2010,254999,80000,5.0
2003,65000,60000,5.0
2017,351000,36000,5.0
2007,404000,120000,8.0
2011,185000,185000,5.0
2011,250000,50000,5.0
2002,60000,100000,5.0
2013,500000,50000,5.0
2007,85000,80000,5.0
2005,85000,60000,
2005,85000,80000,5.0
2011,265000,90000,5.0
2010,130000,162000,5.0
2013,480000,110000,7.0
2008,170000,120000,5.0
2011,275000,45000,5.0
2005,89000,90000,5.0
2010,170000,90000,5.0
2019,1090000,16500,5.0
2017,1100000,67000,5.0
2018,610000,52000,5.0
2016,335000,40000,5.0
2015,434999,40000,5.0
2018,3000000,35000,7.0
2018,390000,13000,5.0
2012,325000,40000,5.0
2019,640000,10000,5.0
2012,450000,9000,5.0
2013,400000,70000,5.0
2009,215000,60000,5.0
2014,570000,40000,5.0
2012,680000,93000,7.0
2008,325000,80000,7.0
2011,150000,50000,5.0
2013,690000,68000,5.0
2013,1550000,25000,5.0
2012,64000,18000,4.0
2013,250000,120000,5.0
2005,65000,35000,5.0
2016,550000,60000,5.0
2010,140000,70000,5.0
2016,300000,30000,5.0
2016,800000,70000,5.0
2017,2625000,9000,5.0
2019,5150000,20000,5.0
2017,3200000,45000,5.0
2015,503000,110000,7.0
2019,3800000,20000,5.0
2016,2000000,68089,5.0
2013,225000,58343,5.0
2018,740000,38817,5.0
2016,550000,56494,5.0
2013,750000,79328,7.0
2019,650000,5621,5.0
2017,625000,25538,5.0
2018,600000,69779,5.0
2017,450000,56290,5.0
2019,5400000,7500,5.0
2019,5500000,8500,5.0
2019,779000,7032,5.0
2016,645000,11000,5.0
2018,2475000,2000,5.0
2010,150000,106000,5.0
2012,265000,162000,
2009,500000,120000,5.0
2015,480000,90000,5.0
2014,535000,70000,5.0
2005,250000,240000,8.0
2012,300000,100000,5.0
2009,340000,214000,5.0
2009,340000,214000,5.0
2016,240000,50000,5.0
2018,1085000,1000,5.0
2017,750000,19000,5.0
2012,95000,265000,5.0
2020,409999,35000,5.0
2014,215000,80000,5.0
2016,1290000,50000,7.0
2010,150000,80000,5.0
2013,219000,50000,5.0
2018,325000,100000,5.0
2013,260000,120000,5.0
2017,2625000,9000,5.0
2019,5150000,20000,5.0
2017,3200000,45000,5.0
2015,503000,110000,7.0
2019,3800000,20000,5.0
2016,2000000,68089,5.0
2013,225000,58343,5.0
2018,740000,38817,5.0
2016,550000,56494,5.0
2013,750000,79328,7.0
2019,650000,5621,5.0
2017,625000,25538,5.0
2018,600000,69779,5.0
2017,450000,56290,5.0
2019,5400000,7500,5.0
2019,5500000,8500,5.0
2019,779000,7032,5.0
2016,645000,11000,5.0
2018,2475000,2000,5.0
2019,700000,40000,5.0
2017,950000,45000,5.0
2010,160000,80000,5.0
2015,409999,135000,5.0
2015,840000,120000,7.0
2013,450000,67000,5.0
2017,900000,50000,5.0
2008,570000,134000,7.0
2011,254999,110000,5.0
2009,130000,40000,4.0
2013,530000,120000,5.0
2015,520000,110000,5.0
2011,229999,170000,5.0
2004,81000,80000,4.0
2016,600000,47000,5.0
2015,409999,93000,5.0
2010,120000,70000,4.0
2014,320000,50000,5.0
2015,292000,70000,5.0
2012,390000,80000,7.0
2016,550000,44000,5.0
2014,385000,25000,5.0
2016,800000,25000,5.0
2019,675000,10000,5.0
2018,1525000,50000,7.0
2018,950000,30000,5.0
2015,610000,50000,5.0
2012,525000,120000,5.0
2019,700000,40000,5.0
2015,375000,80000,7.0
2015,580000,90000,5.0
2015,434999,50000,5.0
2020,350000,2136,5.0
2012,730000,250000,7.0
2015,600000,35000,5.0
2015,1050000,120000,7.0
2017,735000,70000,5.0
2018,1050000,18000,5.0
2016,420000,110000,7.0
2017,800000,60000,5.0
2015,2000000,60000,7.0
2016,600000,147000,5.0
2015,1900000,130000,7.0
2011,500000,99500,7.0
2011,200000,110000,5.0
2016,370000,35000,5.0
2010,260000,110000,5.0
2016,280000,100000,6.0
2014,610000,21000,7.0
2013,300000,60000,5.0
2010,140000,40000,5.0
2008,229999,50000,5.0
2010,200000,65000,5.0
2011,200000,80000,5.0
2015,560000,119000,5.0
2016,750000,80000,7.0
2017,585000,90000,5.0
2016,760000,20000,5.0
2014,430000,80000,5.0
2020,480000,44665,6.0
2019,643000,10000,5.0
2018,500000,60000,5.0
2016,425000,22000,5.0
2014,250000,25000,5.0
2016,285000,70000,5.0
2008,160000,123000,5.0
2011,250000,70000,5.0
2013,170000,70000,5.0
2013,409999,45000,5.0
2015,400000,40000,5.0
2019,700000,30000,5.0
2007,350000,90000,5.0
2016,660000,34000,7.0
2017,268000,25000,5.0
2016,270000,50000,5.0
2013,300000,50000,5.0
2017,450000,90000,5.0
2012,220000,70000,5.0
2009,250000,146000,7.0
2012,300000,85000,5.0
2009,88000,201850,5.0
2016,561000,30000,5.0
2018,755000,15000,5.0
2017,235000,25000,5.0
2011,165000,90000,5.0
2008,190000,80000,5.0
2011,110000,50000,5.0
2012,320000,80000,8.0
2010,330000,110000,
2016,540000,38000,5.0
2013,180000,60000,5.0
2016,270000,100000,7.0
2012,450000,30000,5.0
2014,450000,30000,5.0
2015,200000,50000,5.0
2017,425000,42000,5.0
2016,400000,30000,5.0
2009,125000,60000,5.0
2018,1600000,14000,5.0
2015,900000,22000,5.0
2012,450000,90000,5.0
2011,210000,46000,5.0
2018,801000,20000,5.0
2014,317000,15000,7.0
2015,600000,40000,7.0
2014,330000,30000,5.0
2017,320000,15000,5.0
2010,160000,50000,
2007,120000,110000,5.0
2009,130000,70000,5.0
2015,220000,80000,5.0
2008,229999,50000,
2015,340000,110000,5.0
2013,200000,70000,5.0
2002,140000,50000,5.0
2013,1000000,190000,8.0
2010,495000,100000,7.0
2015,236000,60000,5.0
2015,390000,40000,5.0
2009,275000,90000,5.0
2015,503000,110000,7.0
2017,775000,32000,5.0
2016,1800000,30000,7.0
2016,850000,58000,5.0
2018,750000,5000,5.0
2018,570000,25000,5.0
2018,580000,32000,5.0
2016,484999,30000,5.0
2017,700000,43000,7.0
2012,415000,60000,5.0
2015,325000,50000,5.0
2018,550000,14200,5.0
2017,300000,10000,5.0
2018,217000,25000,5.0
2018,700000,19100,5.0
2019,466000,25000,5.0
2014,484999,54000,5.0
2018,670000,35000,5.0
2018,500000,20000,5.0
2016,675000,52000,5.0
2011,220000,120000,5.0
2017,1650000,50000,5.0
2013,630000,120000,7.0
2010,250000,90000,5.0
2004,120000,120000,5.0
2015,300000,101500,5.0
2013,525000,75000,5.0
2011,204999,97500,
2011,204999,97500,
2016,1100000,100000,7.0
2012,480000,55735,5.0
2014,605000,80000,7.0
2016,250000,50000,5.0
2013,245000,70000,5.0
2012,210000,76000,5.0
2020,730000,1500,5.0
2012,500000,76000,7.0
2015,400000,40000,5.0
2015,280000,60000,5.0
2009,561000,170000,8.0
2013,950000,181491,7.0
2016,375000,53319,5.0
2017,700000,40906,5.0
2012,375000,31711,5.0
2012,270000,43755,5.0
2016,300000,66693,5.0
2010,225000,59549,5.0
2015,1350000,94385,8.0
2010,200000,73730,5.0
2011,400000,221889,5.0
2013,500000,116104,5.0
2015,500000,150546,5.0
2013,1500000,148120,7.0
2015,555000,20000,5.0
2018,580000,30000,5.0
2011,337000,142000,7.0
2011,175000,20000,10.0
2009,180000,120000,5.0
2011,200000,80000,5.0
2016,260000,60000,5.0
2016,350000,25000,5.0
2011,409999,50000,7.0
2017,655000,126000,7.0
2015,370000,170000,5.0
2013,200000,24000,5.0
2017,800000,100000,7.0
2019,550000,10000,5.0
2012,300000,70000,5.0
2017,220000,40000,8.0
2011,196000,110000,5.0
2008,135000,80000,5.0
2015,299000,16500,5.0
2017,300000,30000,5.0
2017,720000,80000,7.0
2016,650000,50000,7.0
2016,300000,25000,5.0
2019,750000,20000,5.0
2016,260000,60000,5.0
2011,300000,70000,5.0
2014,600000,50000,7.0
2004,275000,100000,5.0
2015,250000,52000,5.0
2014,420000,80000,5.0
2015,235000,50000,5.0
2016,1100000,60000,7.0
2019,360000,25000,5.0
2014,380000,50000,5.0
2016,650000,125000,5.0
2016,350000,80000,5.0
2017,700000,70000,9.0
2010,270000,90000,5.0
2017,450000,50000,5.0
2016,630000,101000,6.0
2010,229999,168000,7.0
2010,229999,168000,7.0
2011,270000,40000,5.0
2009,135000,28900,5.0
2012,275000,20000,5.0
2017,2625000,9000,5.0
2019,5150000,20000,5.0
2017,3200000,45000,5.0
2015,503000,110000,7.0
2019,3800000,20000,5.0
2016,2000000,68089,5.0
2013,225000,58343,5.0
2018,740000,38817,5.0
2016,550000,56494,5.0
2013,750000,79328,7.0
2019,650000,5621,5.0
2017,625000,25538,5.0
2018,600000,69779,5.0
2017,450000,56290,5.0
2019,5400000,7500,5.0
2019,5500000,8500,5.0
2019,779000,7032,5.0
2016,645000,11000,5.0
2018,2475000,2000,5.0
2015,634000,165000,7.0
2012,235000,98500,5.0
2008,275000,98000,5.0
2014,700000,40000,6.0
2013,400000,90000,5.0
2012,215000,90000,5.0
2009,150000,110000,5.0
2018,950000,77800,5.0
2015,730000,100000,7.0
2012,135000,120000,5.0
2016,350000,80000,5.0
2018,535000,21000,6.0
2018,455000,100000,5.0
2019,655000,25000,5.0
2019,800000,30000,5.0
2018,1100000,25000,5.0
2016,3000000,40000,5.0
2012,1225000,160000,7.0
2018,340000,51492,6.0
2011,300000,72000,5.0
2016,370000,60000,5.0
2013,330000,136000,7.0
2014,238000,60000,5.0
2006,72000,110000,
2013,200000,90000,5.0
2014,320000,91000,5.0
2009,114999,90000,5.0
2015,320000,50000,5.0
2010,210000,20000,5.0
2011,200000,120000,8.0
2009,135000,150000,5.0
2015,350000,52000,5.0
2014,350000,167000,8.0
2017,680000,40000,5.0
2010,200000,190000,5.0
2016,300000,50000,5.0
2011,270000,70000,7.0
2012,225000,80000,5.0
2008,250000,120000,8.0
2015,590000,40000,7.0
2015,290000,17000,5.0
2010,100000,180000,5.0
2016,395000,50000,5.0
2014,195000,65000,5.0
2011,45000,10000,4.0
2009,270000,70000,8.0
2014,600000,90000,9.0
2015,715000,50000,5.0
2019,600000,10000,5.0
2019,875000,25000,7.0
2011,420000,100000,5.0
2007,325000,70000,5.0
2017,385000,30000,5.0
2016,300000,40000,6.0
2012,335000,135000,5.0
2014,300000,35000,5.0
2004,80000,120000,5.0
2012,400000,120000,7.0
2012,168000,190000,5.0
2016,550000,120000,9.0
2012,300000,120000,
2011,320000,175000,7.0
2011,320000,175000,9.0
2011,350000,25000,5.0
2013,280000,80000,5.0
2017,550000,70000,5.0
2018,500000,10000,5.0
2019,700000,6000,5.0
2013,380000,90000,5.0
2012,340000,110000,9.0
2007,160000,120000,9.0
2014,750000,50000,7.0
2018,531000,20000,5.0
2017,300000,35000,5.0
2014,350000,60000,5.0
2010,150000,68000,5.0
2015,450000,30000,5.0
2017,1625000,54000,7.0
2006,140000,65000,
2004,250000,80000,
2006,85000,120000,5.0
2018,450000,30000,5.0
2011,170000,55113,
2017,360000,50000,5.0
2020,390000,6000,5.0
2011,145000,50000,7.0
2012,540000,90000,8.0
2008,290000,126000,8.0
2013,300000,90000,5.0
2017,565000,80000,5.0
2011,441000,70000,7.0
2003,50000,80000,
2011,180000,80000,5.0
2013,200000,80000,5.0
2005,85000,150000,5.0
2006,67500,110000,5.0
2016,700000,110000,5.0
2010,275000,80000,5.0
2019,600000,20000,5.0
2011,250000,120000,8.0
2016,600000,120000,9.0
2010,200000,80000,5.0
2015,425000,91500,5.0
2012,420000,120000,5.0
2012,321000,100000,5.0
2012,350000,120000,8.0
2017,490000,80000,5.0
2015,680000,90000,7.0
2016,298000,70000,5.0
1999,80000,110000,
2011,450000,150000,5.0
2010,400000,60000,
2012,250000,40000,5.0
2013,1075000,110000,7.0
2017,500000,20000,5.0
2019,681000,10000,5.0
2014,650000,90000,7.0
2008,80000,70000,5.0
2009,290000,120000,7.0
2006,220000,120000,8.0
2009,120000,90000,5.0
2017,229999,80000,5.0
2003,150000,132478,7.0
2014,500000,45000,5.0
2013,175000,120000,5.0
2019,720000,10000,5.0
2012,100000,51000,4.0
2009,250000,105000,5.0
2014,810000,100000,7.0
2010,165000,30000,5.0
2016,409999,60000,10.0
2013,430000,86000,5.0
2015,300000,15000,7.0
2011,350000,137500,5.0
2018,400000,60000,5.0
2016,420000,70000,7.0
2015,430000,5000,5.0
2017,573000,30000,5.0
2015,210000,40000,5.0
2015,600000,60000,5.0
2008,150000,70000,5.0
2019,550000,15000,5.0
2011,320000,110000,5.0
2000,80000,70000,4.0
2019,800000,10000,5.0
2013,500000,60000,7.0
2011,229999,110000,5.0
2013,500000,60000,7.0
2015,630000,35000,5.0
2016,190000,70000,8.0
2011,229999,110000,5.0
2011,450000,100000,7.0
2008,95000,120000,5.0
2009,101000,90000,8.0
2016,500000,70000,5.0
2014,1019999,88000,7.0
2012,244000,38000,5.0
2013,250000,90000,5.0
2016,660000,60000,5.0
2010,270000,60000,5.0
2012,280000,156060,5.0
2017,1050000,60000,5.0
2017,525000,70000,5.0
2017,850000,35000,5.0
2016,1165000,50000,7.0
2012,345000,50000,5.0
2007,95000,100000,5.0
2015,241000,15000,5.0
2015,235000,20000,5.0
2015,615000,80000,5.0
2014,350000,110000,5.0
2014,350000,35000,5.0
2014,380000,35000,5.0
2017,400000,140000,7.0
2010,220000,40000,5.0
2008,270000,110000,7.0
2012,275000,70000,5.0
2009,125000,100000,5.0
2015,360000,20000,5.0
2019,550000,15000,5.0
2011,200000,70000,5.0
2016,327000,20000,6.0
2016,425000,15000,5.0
2017,620000,107000,5.0
2011,130000,54000,5.0
2009,120000,58000,5.0
2011,400000,110000,8.0
2007,185000,90000,5.0
2015,204999,43000,5.0
2017,625000,43000,5.0
2013,600000,60000,7.0
2011,150000,150000,5.0
2017,300000,35000,5.0
2013,229999,46000,5.0
2018,220000,10000,8.0
2016,576000,35000,5.0
2016,265000,50000,5.0
2005,50000,60000,
2011,300000,80000,5.0
2017,420000,110000,5.0
2015,750000,14000,7.0
2012,165000,60000,5.0
2017,290000,28000,5.0
2011,160000,57000,5.0
2017,695000,50000,5.0
2012,231000,70000,5.0
2015,1050000,60000,5.0
2013,400000,70000,5.0
2016,500000,40000,5.0
2010,150000,120000,5.0
2016,400000,140000,7.0
2010,120000,100000,5.0
2014,480000,120000,7.0
2013,200000,120000,5.0
2012,300000,64000,5.0
2015,350000,25000,5.0
2019,580000,12000,7.0
2012,200000,70000,5.0
2016,750000,120000,5.0
2016,261000,90000,5.0
2015,371000,40000,5.0
2010,320000,300000,7.0
2012,204999,120000,5.0
2003,110000,90000,5.0
2009,150000,100000,5.0
2016,625000,90000,7.0
2017,1300000,50000,7.0
2015,900000,168000,5.0
2010,180000,110000,5.0
2010,421000,120000,7.0
2012,204999,120000,5.0
2017,900000,40000,5.0
2006,165000,110000,5.0
2010,270000,100000,5.0
2017,750000,40000,5.0
2019,750000,30000,5.0
2002,40000,80000,4.0
2011,190000,90000,5.0
2009,395000,200000,7.0
2010,800000,125000,7.0
2011,315000,80000,5.0
2014,1600000,44000,5.0
2013,409999,90000,5.0
2018,580000,32000,5.0
2013,340000,70000,5.0
2015,270000,43000,5.0
2017,280000,80000,5.0
2012,130000,60000,5.0
2014,260000,18945,5.0
2018,710000,70000,5.0
2013,204999,100000,7.0
2017,300000,60000,7.0
2009,180000,144000,5.0
2016,700000,120000,7.0
2012,320000,107825,5.0
2020,370000,15000,5.0
2018,340000,10000,5.0
2019,1040000,1620,6.0
2018,750000,30000,5.0
2018,600000,70000,9.0
2016,550000,70000,9.0
2013,600000,95000,7.0
2017,550000,50000,5.0
2015,750000,160000,5.0
2019,450000,10000,5.0
2012,400000,100000,7.0
2016,520000,50000,5.0
2013,199000,60000,5.0
2012,150000,110000,5.0
2016,540000,80000,5.0
2011,250000,85000,5.0
2010,200000,90000,5.0
2011,130000,90000,5.0
2007,90000,90000,4.0
2012,450000,120000,5.0
2009,280000,120000,5.0
2007,280000,160000,7.0
2006,120000,141000,5.0
2008,290000,100000,5.0
2019,1000000,15000,5.0
2012,415000,108000,5.0
2012,415000,108000,5.0
2015,240000,55000,5.0
2010,250000,37944,5.0
2011,175000,90400,5.0
2008,220000,85000,5.0
2003,85000,120000,5.0
2019,675000,5000,5.0
2016,535000,50000,5.0
2019,675000,5000,7.0
2016,800000,90000,5.0
2012,425000,96000,7.0
2011,150000,80000,5.0
2007,90000,60000,5.0
2015,850000,90000,7.0
2008,330000,193623,8.0
2017,850000,63186,5.0
2008,305000,219000,7.0
2013,910000,110000,7.0
2012,1100000,151000,8.0
2019,675000,5000,5.0
2010,150000,91500,5.0
2015,550000,23000,5.0
2012,350000,40000,5.0
2012,300000,70000,5.0
2018,1745000,10000,7.0
2014,611000,90000,7.0
2016,400000,68000,5.0
2013,700000,120000,5.0
2013,300000,65000,5.0
2005,65000,85000,5.0
2011,200000,94000,5.0
2015,650000,100000,5.0
2015,650000,80000,5.0
2013,350000,80000,5.0
2011,75000,140500,5.0
2010,240000,143000,5.0
2013,240000,60000,5.0
2011,180000,120000,5.0
2014,900000,80000,7.0
2014,425000,63000,7.0
2009,95000,120000,5.0
2018,811000,100000,5.0
2018,1100000,60000,5.0
2013,600000,90000,9.0
2014,550000,50000,7.0
2015,715000,70000,7.0
2010,300000,40000,
2006,100000,120000,5.0
2013,500000,195000,8.0
2013,350000,40000,5.0
2008,100000,40000,5.0
2012,325000,120000,7.0
2012,220000,360003,5.0
1999,55000,60000,4.0
2016,330000,20000,5.0
2014,480000,37000,7.0
2018,950000,57000,5.0
2011,300000,110000,5.0
2006,170000,110000,5.0
2013,850000,120000,8.0
2019,900000,8079,5.0
2015,1325000,114368,7.0
2012,350000,79990,5.0
2012,425000,81632,5.0
2016,600000,155201,5.0
2014,750000,101504,5.0
2012,450000,90165,5.0
2010,325000,86017,5.0
2013,900000,85036,7.0
2013,350000,160254,
2013,600000,125531,5.0
2019,1100000,10000,5.0
2017,520000,20000,5.0
2015,885000,170000,7.0
2018,950000,40000,5.0
2008,229999,120000,5.0
2013,409999,100000,5.0
2011,300000,110000,5.0
2008,175000,120000,5.0
2000,108000,206000,5.0
2017,425000,40000,5.0
2011,272000,170000,5.0
2013,310000,70000,5.0
2017,1125000,105000,5.0
2014,450000,46000,5.0
2011,388000,80000,5.0
2011,400000,60000,5.0
2015,760000,70000,5.0
2009,120000,90000,5.0
2019,757000,25000,5.0
2015,270000,53000,5.0
2011,250000,90000,7.0
2011,800000,60000,7.0
2014,1380000,150000,7.0
2014,700000,24000,6.0
2016,450000,100000,7.0
2018,650000,6000,6.0
2013,950000,49700,7.0
2007,626000,80000,7.0
2000,200000,100000,
2019,600000,10000,5.0
2019,290000,21000,5.0
2013,215000,25000,5.0
2016,250000,22000,5.0
2017,750000,50000,7.0
2016,250000,20000,5.0
2017,950000,15000,7.0
2018,793000,30000,5.0
2015,750000,74000,5.0
2017,725000,6550,5.0
2016,480000,30000,5.0
2013,3750000,56000,4.0
2018,795000,41779,5.0
2016,625000,54000,5.0
2016,2900000,31000,5.0
2017,625000,37000,5.0
2011,440000,90000,4.0
2018,1400000,13534,5.0
2017,1450000,7000,5.0
2017,2700000,23000,5.0
2019,1925000,43000,8.0
2020,1900000,5000,5.0
2017,844999,70000,5.0
2016,650000,99000,5.0
2018,750000,15000,5.0
2018,6000000,28156,4.0
2015,610000,30000,5.0
2018,2940000,100000,7.0
2017,1150000,63309,5.0
2016,1825000,94000,7.0
2018,890000,29000,5.0
2017,2625000,9000,5.0
2019,5150000,20000,5.0
2017,3200000,45000,5.0
2015,503000,110000,7.0
2019,3800000,20000,5.0
2016,2000000,68089,5.0
2013,225000,58343,5.0
2018,740000,38817,5.0
2016,550000,56494,5.0
2013,750000,79328,7.0
2019,650000,5621,5.0
2017,625000,25538,5.0
2018,600000,69779,5.0
2017,450000,56290,5.0
2019,5400000,7500,5.0
2019,5500000,8500,5.0
2019,779000,7032,5.0
2016,645000,11000,5.0
2018,2475000,2000,5.0
2017,2625000,9000,5.0
2019,5150000,20000,5.0
2017,3200000,45000,5.0
2015,503000,110000,7.0
2019,3800000,20000,5.0
2016,2000000,68089,5.0
2013,225000,58343,5.0
2018,740000,38817,5.0
2016,550000,56494,5.0
2013,750000,79328,7.0
2019,650000,5621,5.0
2017,625000,25538,5.0
2018,600000,69779,5.0
2017,450000,56290,5.0
2019,5400000,7500,5.0
2019,5500000,8500,5.0
2019,779000,7032,5.0
2016,645000,11000,5.0
2018,2475000,2000,5.0
2017,2625000,9000,5.0
2019,5150000,20000,5.0
2017,3200000,45000,5.0
2015,503000,110000,7.0
2019,3800000,20000,5.0
2016,2000000,68089,5.0
2013,225000,58343,5.0
2018,740000,38817,5.0
2016,550000,56494,5.0
2013,750000,79328,7.0
2019,650000,5621,5.0
2017,625000,25538,5.0
2018,600000,69779,5.0
2017,450000,56290,5.0
2019,5400000,7500,5.0
2019,5500000,8500,5.0
2019,779000,7032,5.0
2016,645000,11000,5.0
2018,2475000,2000,5.0
2017,2625000,9000,5.0
2019,5150000,20000,5.0
2017,3200000,45000,5.0
2015,503000,110000,7.0
2019,3800000,20000,5.0
2016,2000000,68089,5.0
2013,225000,58343,5.0
2018,740000,38817,5.0
2016,550000,56494,5.0
2013,750000,79328,7.0
2019,650000,5621,5.0
2017,625000,25538,5.0
2018,600000,69779,5.0
2017,450000,56290,5.0
2019,5400000,7500,5.0
2019,5500000,8500,5.0
2019,779000,7032,5.0
2016,645000,11000,5.0
2018,2475000,2000,5.0
2017,385000,155000,5.0
2016,400000,35000,5.0
2018,550000,50000,5.0
2010,270000,185000,7.0
2013,200000,175000,5.0
2016,310000,11500,5.0
2019,700000,3000,5.0
2015,480000,80000,5.0
2005,90000,40000,5.0
2005,80000,40000,5.0
2015,350000,90000,5.0
2017,600000,100000,5.0
2011,350000,120000,5.0
2018,770000,50000,5.0
2012,350000,25000,5.0
2011,600000,50000,8.0
2016,750000,71000,7.0
2016,340000,40000,5.0
2018,650000,31800,5.0
2014,300000,65000,5.0
2014,204999,15000,5.0
2012,254999,70000,5.0
2017,650000,5000,5.0
2017,280000,50000,5.0
2011,100000,80000,5.0
2014,575000,70000,9.0
2017,780000,40000,5.0
2013,467000,157000,7.0
2015,1050000,90000,7.0
2011,225000,80000,5.0
2004,90000,90000,
2004,80000,80000,
2012,300000,80000,
2012,260000,70000,5.0
2009,90000,50000,5.0
2012,280000,60000,5.0
2014,350000,106000,5.0
2006,229999,80000,7.0
2016,550000,80000,9.0
2013,850000,110000,8.0
2011,370000,120000,7.0
2013,250000,27000,5.0
2007,95000,70000,5.0
2010,180000,70000,5.0
2016,650000,50000,7.0
2018,530000,60000,5.0
2017,610000,15000,5.0
2011,200000,40000,
2010,265000,135000,8.0
2018,560000,26300,5.0
2014,430000,120000,7.0
2017,711000,35000,5.0
2015,511000,30000,5.0
2012,450000,165000,7.0
2015,325000,50000,5.0
2013,434999,120000,5.0
2010,210000,100000,5.0
2009,140000,90000,
2007,160000,120000,5.0
2017,650000,70000,7.0
2008,250000,90000,
2014,320000,72000,5.0
2017,290000,50000,5.0
1996,163000,5000,
2013,80000,30000,4.0
2017,1100000,20000,7.0
2015,600000,110000,5.0
2017,340000,25000,5.0
2014,750000,120000,7.0
2006,100000,40000,5.0
2019,395000,10000,5.0
2010,200000,65000,5.0
2019,450000,10000,5.0
2012,180000,110000,5.0
2008,190000,120000,7.0
2015,310000,72000,5.0
2014,351000,89100,5.0
2006,190000,94000,5.0
2015,225000,120000,5.0
2012,130000,110000,5.0
2018,1000000,50000,5.0
2004,55000,90000,5.0
2014,330000,23000,5.0
2013,166000,50000,5.0
2013,200000,300000,8.0
2011,140000,50000,5.0
2017,370000,140000,5.0
2019,720000,16000,5.0
2015,500000,126000,5.0
2019,570000,15000,5.0
2010,210000,200000,5.0
2009,120000,120000,5.0
2005,95000,120000,5.0
2010,196000,110000,5.0
2016,392000,38000,5.0
2010,150000,104000,5.0
2017,595000,120000,7.0
2018,833000,35000,5.0
2011,280000,210000,5.0
2003,35000,35000,4.0
2009,180000,85000,5.0
2012,225000,80000,5.0
2012,1400000,50000,5.0
2009,340000,40000,5.0
2010,550000,216000,8.0
2017,400000,65000,5.0
2006,90000,100000,5.0
2015,650000,84000,5.0
2012,730000,210000,7.0
2010,125000,60000,5.0
2006,81000,100000,5.0
2007,170000,78000,5.0
2002,81000,161000,5.0
2005,95000,70000,5.0
2010,55000,50000,4.0
2017,880000,65000,8.0
2015,200000,50000,5.0
2019,480000,25000,5.0
2013,480000,100000,9.0
2018,700000,6000,5.0
2016,850000,72113,7.0
2012,300000,40000,5.0
2017,650000,8000,5.0
2010,220000,20000,5.0
2014,300000,45000,5.0
2014,450000,80000,5.0
2014,400000,90000,5.0
2018,1030000,25000,5.0
2010,190000,100000,5.0
2006,140000,60000,5.0
2018,800000,30000,5.0
2007,229999,120000,7.0
2011,300000,80000,7.0
2011,375000,69000,5.0
2010,140000,75000,5.0
2004,60000,113000,5.0
2014,420000,90000,5.0
2012,300000,100000,5.0
2012,150000,110000,5.0
2015,600000,90000,5.0
2011,204999,100000,5.0
2017,625000,50000,5.0
2011,280000,200000,5.0
2014,1050000,146000,7.0
2009,250000,80000,5.0
2010,535000,96443,7.0
2009,400000,100000,5.0
2019,610000,10000,5.0
2014,509999,110000,5.0
2014,521000,86000,7.0
2014,511000,100000,5.0
2014,451000,91000,5.0
2009,170000,100000,5.0
2013,450000,120000,5.0
2011,375000,90000,5.0
2016,305000,60000,5.0
2016,315000,51500,5.0
2016,250000,60000,5.0
2012,200000,104500,5.0
2018,950000,30000,5.0
2012,400000,120000,5.0
2014,509999,100000,5.0
2008,375000,90000,5.0
2005,150000,150000,5.0
2006,75000,60000,5.0
2015,465000,50000,5.0
2019,700000,10000,5.0
2015,950000,120000,7.0
2017,610000,40000,5.0
2004,60000,120000,
2014,235000,50000,5.0
2017,330000,90000,5.0
2014,472000,90000,5.0
2019,585000,10000,5.0
2018,500000,10000,8.0
2019,360000,27000,5.0
2016,649000,70000,5.0
2017,200000,50000,5.0
2008,240000,60000,
2014,400000,110000,5.0
2015,250000,100000,5.0
2018,1200000,50000,7.0
2009,250000,105000,5.0
2013,819999,110000,8.0
2014,800000,60000,7.0
2013,429000,49102,5.0
2010,150000,60000,5.0
2010,315000,120000,
2012,170000,90000,5.0
2014,335000,33033,5.0
2015,465000,63063,5.0
2013,360000,81000,5.0
2018,570000,80000,5.0
2012,350000,105000,5.0
2017,600000,60000,
2017,700000,227000,7.0
2012,375000,100000,5.0
2019,450000,60000,5.0
2013,325000,70000,5.0
2011,260000,120000,5.0
2009,130000,80000,5.0
2008,150000,120000,7.0
2014,220000,40000,5.0
2014,275000,53000,5.0
2017,455000,60000,5.0
2017,570000,30000,5.0
2013,330000,100000,5.0
2018,1576000,70000,7.0
2012,450000,98000,7.0
2014,250000,60000,5.0
2010,165000,80000,5.0
2013,800000,117000,7.0
2018,680000,8576,5.0
2017,525000,19723,5.0
2016,825000,21446,5.0
2017,750000,52289,5.0
2017,950000,52236,7.0
2017,950000,54470,7.0
2017,675000,25471,5.0
2019,490000,33928,5.0
2018,775000,59736,7.0
2009,350000,54290,5.0
2016,475000,2118,5.0
2017,950000,61379,7.0
2010,350000,58544,5.0
2016,400000,74381,5.0
2001,75000,35000,4.0
2017,850000,63982,5.0
2008,175000,65000,5.0
2014,570000,74000,7.0
2013,525000,56429,5.0
2012,270000,56000,5.0
2019,434999,19500,5.0
2015,495000,30000,5.0
2016,575000,53000,5.0
2017,600000,5000,5.0
2015,700000,25000,5.0
2014,560000,72000,5.0
2016,565000,72000,
2005,250000,80000,7.0
2013,409999,29000,5.0
2016,495000,56832,5.0
2014,470000,30528,5.0
2013,350000,65285,5.0
2020,1560000,20102,8.0
2015,480000,43000,5.0
2013,270000,52380,5.0
2018,660000,74250,7.0
2017,490000,57247,5.0
2017,800000,52000,5.0
2011,350000,47000,5.0
2011,170000,80000,5.0
2011,125000,85000,5.0
2012,400000,100000,5.0
2011,250000,110000,5.0
2010,190000,178000,5.0
2010,125000,120000,5.0
2017,1950000,70000,5.0
2011,1300000,120000,5.0
2010,786000,155000,8.0
2015,335000,30000,5.0
2009,114999,60000,5.0
2012,229999,70000,5.0
2017,731000,40000,5.0
2012,395000,120000,5.0
2015,500000,120000,5.0
2014,220000,50000,5.0
2013,240000,100000,5.0
2010,215000,120000,5.0
2012,400000,90000,5.0
2012,191000,90000,5.0
2013,351000,100000,8.0
2015,250000,20000,4.0
2009,210000,90000,5.0
2011,300000,120000,5.0
2017,700000,35000,5.0
2010,500000,120000,5.0
2002,120000,120000,4.0
2019,850000,10000,5.0
1994,120000,100000,
2017,770000,65000,5.0
2007,245000,90000,5.0
2012,250000,90000,5.0
2016,651000,42323,5.0
2013,480000,42462,5.0
2015,470000,54723,5.0
2016,500000,30000,5.0
2011,1075000,42545,5.0
2016,690000,32000,5.0
2017,589000,41232,
2017,589000,41232,
2018,480000,20375,5.0
2013,450000,43978,5.0
2018,770000,50000,5.0
2015,445000,40200,7.0
2018,700000,30000,5.0
2014,560000,90000,7.0
2013,475000,48000,5.0
2014,465000,27233,5.0
2017,520000,28832,5.0
2011,225000,35000,5.0
2015,700000,35000,7.0
2017,780000,40000,5.0
2006,93150,80000,5.0
2016,403000,30000,7.0
2009,229999,50000,5.0
2016,525000,40000,5.0
2014,560000,25000,7.0
2020,830000,120000,7.0
2011,250000,60000,5.0
2014,450000,110000,9.0
2016,745000,67000,7.0
2010,144000,50000,5.0
2008,120000,40000,5.0
2008,300000,120000,7.0
1999,52000,100000,4.0
2003,300000,98000,8.0
2009,270000,150000,7.0
2014,260000,38000,5.0
2015,475000,120000,5.0
2011,302000,103000,5.0
1994,45000,60000,4.0
2017,775000,80000,5.0
2015,700000,50000,7.0
2014,530000,90000,5.0
2017,869999,70000,5.0
2006,155000,110000,5.0
2019,550000,30000,5.0
2016,600000,80000,5.0
2012,430000,110000,5.0
2010,246000,120000,5.0
2003,120000,120000,5.0
2014,565000,70000,5.0
2018,850000,60000,5.0
2006,160000,90000,5.0
2014,325000,142500,5.0
2011,450000,90000,8.0
2015,310000,50000,5.0
2013,250000,90000,5.0
2015,420000,115000,5.0
2013,330000,150000,5.0
2015,405000,68000,5.0
2013,400000,90000,7.0
2010,409999,110000,5.0
2013,500000,70000,7.0
2011,590000,80000,7.0
2006,80000,118000,
2007,135000,100000,5.0
2004,70000,70000,5.0
2004,45000,77000,4.0
2018,650000,35500,5.0
2018,400000,17500,5.0
2017,350000,27000,5.0
2017,550000,60000,5.0
2016,350000,25000,5.0
2015,459999,80000,5.0
2012,185000,60000,5.0
2013,550000,38000,5.0
2012,300000,100000,5.0
2012,175000,60000,
2011,900000,110000,8.0
2016,900000,92000,7.0
2012,550000,180000,9.0
2018,625000,10000,5.0
2017,310000,35000,5.0
2017,500000,35000,5.0
2016,610000,23000,5.0
2012,150000,150000,5.0
2015,480000,70000,5.0
2017,650000,40000,5.0
2012,290000,100000,5.0
2017,300000,50000,5.0
2010,270000,120000,5.0
2015,400000,60000,5.0
2015,280000,28000,5.0
2009,250000,60000,5.0
2012,495000,80000,5.0
2018,3250000,12000,7.0
2019,700000,4500,5.0
2013,310000,70000,5.0
2017,650000,120000,5.0
2015,600000,80000,5.0
2009,150000,150000,7.0
2009,135000,120000,5.0
2014,650000,50000,5.0
2012,550000,83000,5.0
2017,650000,20000,5.0
2018,2900000,49000,7.0
2017,450000,6750,5.0
2015,650000,26000,5.0
2017,430000,52000,5.0
2017,1143000,51000,5.0
2019,700000,20000,5.0
2011,229999,18500,5.0
2017,509999,142000,7.0
2016,670000,50478,5.0
2019,525000,9200,5.0
2016,515000,40000,5.0
2020,630000,5000,5.0
2019,270000,2300,5.0
2016,300000,40000,5.0
2012,250000,119000,8.0
2005,90000,100000,5.0
2017,750000,100000,7.0
2009,135000,50000,5.0
2013,275000,80000,5.0
2018,740000,15000,5.0
2019,690000,1303,5.0
2018,3975000,31800,5.0
2019,5150000,20000,5.0
2017,3200000,45000,5.0
2017,4100000,17000,5.0
2018,1000000,4295,5.0
2018,1000000,5229,5.0
2019,550000,4701,5.0
2016,600000,6757,5.0
2016,675000,28182,5.0
2019,950000,11533,5.0
2017,850000,11688,5.0
2016,2000000,68089,5.0
2012,550000,57728,5.0
2018,925000,23712,5.0
2015,625000,70670,5.0
2014,200000,43381,5.0
2014,635000,79011,5.0
2016,550000,56494,5.0
2014,425000,50000,5.0
2011,220000,40000,5.0
2018,590000,10000,5.0
2017,775000,35000,6.0
2015,350000,58500,5.0
2018,575000,20000,5.0
2011,200000,43500,5.0
2018,1575000,30000,7.0
2015,600000,63000,5.0
2016,720000,35000,7.0
2012,158000,110000,5.0
2018,1575000,25000,7.0
2017,580000,30000,5.0
2012,420000,50000,7.0
2018,1200000,35000,8.0
2018,350000,30000,5.0
2014,650000,56000,5.0
2017,400000,12700,5.0
2018,700000,35000,5.0
2017,520000,30000,5.0
2012,450000,120000,9.0
2017,850000,100000,7.0
2017,350000,34000,5.0
2011,450000,56000,8.0
2008,165000,90000,5.0
2010,160000,65000,5.0
2011,300000,80000,7.0
2012,550000,90000,8.0
2015,285000,40000,5.0
2016,850000,58000,5.0
2018,700000,19100,5.0
2018,900000,25000,7.0
2005,180000,49455,5.0
2016,220000,100000,5.0
2013,120000,120000,5.0
2010,220000,90000,5.0
2013,420000,46815,5.0
2013,160000,110000,5.0
2015,250000,80000,5.0
2013,385000,100000,7.0
2014,318000,80000,5.0
2018,480000,40000,5.0
2015,330000,70000,5.0
2011,152000,80000,5.0
2014,250000,40000,5.0
2011,248000,80000,5.0
2011,300000,60000,5.0
2017,550000,50000,5.0
2016,650000,30000,5.0
2017,445000,25000,5.0
2010,450000,334000,7.0
2016,600000,100000,7.0
2014,495000,175000,5.0
2011,220000,65000,5.0
2011,260000,65000,5.0
2009,150000,90000,5.0
2011,200000,80000,5.0
2018,1465000,110000,7.0
2012,285000,80000,
2008,250000,60000,5.0
2014,310000,160000,7.0
2010,600000,100875,8.0
2018,560000,20000,5.0
2016,500000,30000,5.0
2013,270000,118000,5.0
2013,420000,69000,5.0
2015,434999,25000,5.0
2015,400000,100000,5.0
2015,470000,110000,5.0
2015,480000,60000,5.0
2008,105000,128000,5.0
2017,325000,120000,5.0
2012,280000,80000,
2020,675000,5000,5.0
2009,170000,90000,5.0
2017,1250000,90000,5.0
2012,600000,144030,5.0
2014,819999,200000,5.0
2016,650000,29000,5.0
2007,105000,90000,5.0
2009,200000,176000,5.0
2013,200000,150000,5.0
2016,220000,90000,8.0
2014,500000,70000,5.0
2007,175000,99000,5.0
2018,450000,5000,5.0
2008,210000,90000,5.0
2011,270000,89000,5.0
2006,110000,88000,5.0
2015,480000,30000,5.0
2016,650000,50000,5.0
2013,480000,80000,5.0
2016,700000,40000,5.0
2015,650000,110000,7.0
2015,1300000,48000,5.0
2016,1350000,97000,5.0
2016,1000000,60000,5.0
2011,1700000,110000,5.0
2018,1080000,12800,5.0
2012,170000,40000,5.0
2017,610000,49000,5.0
2014,350000,25000,5.0
2016,260000,65000,5.0
2015,700000,20000,5.0
2018,678000,17000,5.0
2015,800000,15000,5.0
2014,400000,120000,5.0
2010,300000,49000,5.0
2016,520000,29000,5.0
2017,850000,55000,5.0
2019,1460000,5000,7.0
2017,830000,35000,5.0
2018,430000,5000,5.0
2017,850000,60000,5.0
2017,650000,70000,5.0
2008,120000,120000,5.0
2016,730000,65100,7.0
2019,525000,20000,5.0
2015,600000,108000,5.0
2019,500000,15000,5.0
2009,150000,77000,5.0
2015,409999,18500,5.0
2016,625000,120000,7.0
2015,290000,15200,5.0
2015,500000,35000,7.0
2011,475000,80000,5.0
2013,190000,70000,5.0
2014,750000,80000,7.0
2014,525000,120000,5.0
2012,495000,82000,5.0
2017,2625000,9000,5.0
2019,5150000,20000,5.0
2017,3200000,45000,5.0
2015,503000,110000,7.0
2019,3800000,20000,5.0
2016,2000000,68089,5.0
2013,225000,58343,5.0
2018,740000,38817,5.0
2016,550000,56494,5.0
2013,750000,79328,7.0
2019,650000,5621,5.0
2017,625000,25538,5.0
2018,600000,69779,5.0
2017,450000,56290,5.0
2019,5400000,7500,5.0
2019,5500000,8500,5.0
2019,779000,7032,5.0
2016,645000,11000,5.0
2018,2475000,2000,5.0
2010,321000,60000,5.0
2017,585000,50000,5.0
2011,225000,70000,5.0
2017,500000,70000,5.0
2011,350000,90000,5.0
2016,756000,70000,7.0
2014,240000,50000,5.0
2012,80000,120000,8.0
2019,800000,5000,5.0
2018,1250000,25000,7.0
2009,320000,80000,7.0
2017,509999,25000,5.0
2019,650000,15000,5.0
2011,210000,35000,5.0
2008,110000,80000,5.0
2017,665000,25000,5.0
2017,555000,52000,5.0
2017,560000,52000,5.0
2016,375000,80000,6.0
2011,290000,77000,
2017,2950000,50000,7.0
2017,605000,127000,5.0
2017,720000,30000,5.0
2017,800000,70000,7.0
2017,1325000,54000,7.0
2011,625000,120000,6.0
2011,350000,116500,5.0
2012,600000,145000,8.0
2012,300000,120000,5.0
2011,240000,120000,7.0
2016,377000,80000,5.0
2013,450000,140000,7.0
2008,160000,100000,5.0
2019,525000,100000,5.0
2011,550000,168000,8.0
2010,270000,120000,5.0
2016,570000,145000,5.0
2011,225000,90000,5.0
2019,590000,90000,5.0
2018,1675000,80000,5.0
2019,800000,33000,5.0
2014,450000,13500,5.0
2012,300000,80000,5.0
2017,645000,20000,5.0
2013,520000,58000,5.0
2013,200000,40000,5.0
2015,700000,30000,5.0
2000,45000,50000,4.0
2016,459999,73000,5.0
2014,325000,90000,5.0
2015,350000,50000,5.0
2011,440000,80000,5.0
2011,320000,70000,5.0
2011,169000,41000,5.0
2013,350000,50000,5.0
2014,350000,113226,5.0
2013,310000,90000,5.0
2007,150000,70000,
2010,420000,160500,5.0
2015,685000,30000,5.0
2014,560000,132000,5.0
2013,470000,120000,5.0
2011,380000,80000,5.0
2015,670000,57000,7.0
2018,550000,5000,5.0
2016,749000,25000,5.0
2015,899000,80000,5.0
2011,290000,88000,5.0
2014,869999,217000,7.0
2015,350000,60000,7.0
2017,500000,43000,5.0
2014,400000,77000,5.0
2016,260000,30000,5.0
2015,220000,40000,5.0
2014,190000,139000,8.0
2016,400000,80000,5.0
2014,170000,76000,5.0
2019,650000,3500,5.0
2007,60000,62000,4.0
2007,300000,110000,7.0
2012,125000,40000,5.0
2013,130000,120000,
2012,500000,1500000,7.0
2011,170000,70000,5.0
2012,310000,77000,5.0
2011,130000,110000,5.0
2016,465000,20000,5.0
1995,160000,90000,
2005,800000,120005,5.0
2012,260000,16830,5.0
2013,500000,70000,9.0
2017,325000,38000,5.0
2013,400000,80000,9.0
2018,3200000,50000,7.0
2007,200000,50000,5.0
2013,450000,52000,7.0
2012,229999,50000,5.0
2016,340000,30000,5.0
2014,550000,103000,7.0
2011,975000,93468,7.0
2019,3800000,20000,5.0
2010,225000,80000,5.0
2018,3250000,12000,7.0
2013,280000,70000,5.0
2019,700000,4500,5.0
2012,259000,35000,5.0
2018,3200000,60000,7.0
2018,1400000,30000,7.0
2015,416000,40000,5.0
2011,250000,70000,5.0
2010,210000,120000,5.0
2008,290000,120000,8.0
2012,220000,90000,5.0
2012,246000,35000,5.0
2018,260000,30000,8.0
2018,1050000,70000,5.0
2012,290000,60000,5.0
2013,310000,70000,5.0
2018,700000,6000,5.0
2016,550000,20000,5.0
2017,450000,70000,5.0
2016,773000,65000,5.0
2017,450000,25000,5.0
2019,409999,10000,5.0
2003,45000,35000,4.0
2014,600000,80000,5.0
2010,250000,63000,5.0
2008,70000,100000,5.0
2019,690000,1303,5.0
2018,3975000,31800,5.0
2019,5150000,20000,5.0
2017,3200000,45000,5.0
2017,4100000,17000,5.0
2018,1000000,4295,5.0
2018,1000000,5229,5.0
2016,2000000,68089,5.0
2018,925000,23712,5.0
2016,550000,56494,5.0
2018,430000,16589,5.0
2013,750000,79328,7.0
2016,675000,53201,5.0
2017,570000,25272,5.0
2017,850000,53619,5.0
2019,5400000,7500,5.0
2019,5500000,8500,5.0
2019,779000,7032,5.0
2018,640000,6001,5.0
2013,250000,80000,5.0
2018,1250000,12000,5.0
2017,889000,25000,5.0
2017,750000,40000,5.0
2010,320000,130000,5.0
2011,600000,202000,5.0
2018,1000000,40000,5.0
2000,110000,70000,5.0
2008,250000,120000,5.0
2015,600000,60000,5.0
2009,165000,60000,5.0
2004,118000,60000,5.0
2016,700000,78000,5.0
2013,585000,80000,5.0
2006,120000,120000,5.0
2003,65000,90000,4.0
2006,150000,100000,5.0
2009,150000,70000,5.0
2004,170000,160000,5.0
2006,250000,120000,8.0
2005,100000,100000,5.0
2013,599000,60000,7.0
2010,250000,135000,5.0
2016,570000,90000,5.0
2013,440000,75000,5.0
2005,300000,185000,7.0
2015,300000,71717,5.0
2011,500000,150000,8.0
2016,660000,55000,5.0
2012,256000,90000,5.0
2018,409999,35000,5.0
2015,1888000,120000,7.0
2011,250000,100000,5.0
2009,280000,40000,5.0
2010,300000,100000,8.0
2016,900000,120000,5.0
2014,190000,60000,5.0
2019,800000,2000,9.0
2012,450000,100000,8.0
2015,400000,110000,7.0
2009,150000,90000,7.0
2011,200000,84321,5.0
2013,600000,177000,7.0
2010,175000,60000,5.0
2008,99000,205000,5.0
2008,215000,70000,5.0
2011,190000,70000,
2013,520000,126000,5.0
2016,2280000,120000,7.0
2015,285000,70000,5.0
2017,660000,82000,7.0
2004,31504,110000,4.0
2015,515000,45000,5.0
2012,295000,70000,5.0
2015,700000,80000,5.0
2017,1100000,45000,7.0
2017,300000,60000,5.0
2013,450000,41800,5.0
2010,135000,132000,
2017,700000,50000,5.0
2012,250000,40000,5.0
2009,140000,96000,5.0
2012,250000,117000,8.0
2011,210000,110000,5.0
2014,420000,100000,5.0
2007,130000,88700,5.0
2012,320000,70000,5.0
2010,200000,110000,5.0
2016,310000,15000,5.0
2012,200000,80000,5.0
2014,350000,50000,5.0
2018,444000,15000,5.0
2017,300000,25000,5.0
2011,225000,57000,5.0
2012,600000,75000,7.0
2013,260000,26000,5.0
2015,375000,160000,5.0
2013,260000,26000,5.0
2010,150000,120000,5.0
2014,110000,50000,5.0
2012,225000,40000,5.0
2011,400000,90000,
2005,93000,120000,
2017,860000,28000,5.0
2018,650000,50000,5.0
2014,650000,90000,7.0
2016,710000,40000,5.0
2017,430000,113000,5.0
2011,305000,188000,5.0
2011,220000,100000,5.0
2010,150000,225000,9.0
2017,660000,67000,7.0
2011,140000,70000,5.0
2015,1100000,50000,5.0
2013,2450000,60000,5.0
2017,625000,34000,5.0
2004,198000,110000,5.0
2001,60000,71000,
2005,130000,140000,5.0
2012,540000,100000,5.0
2017,550000,10000,5.0
2018,475000,30000,5.0
2017,2825000,22000,5.0
2020,2125000,5500,5.0
2018,3350000,18000,5.0
2018,1800000,20000,8.0
2018,540000,7000,5.0
2018,910000,20000,5.0
2019,484999,4875,5.0
2020,1950000,2700,5.0
2018,950000,58511,5.0
2015,365000,105000,5.0
2018,900000,26235,6.0
2017,919999,26766,5.0
2020,1900000,1600,5.0
2018,2950000,46000,5.0
2019,1075000,23000,7.0
2017,600000,24522,5.0
2017,3200000,13663,5.0
2019,2600000,11000,5.0
2016,839000,63000,5.0
2019,635000,2000,5.0
2014,550000,300000,8.0
2011,180000,190000,5.0
2015,650000,80000,5.0
2011,350000,80000,5.0
2015,265000,54000,5.0
2018,330000,30000,5.0
2019,395000,5000,7.0
2015,700000,58945,7.0
2012,300000,90000,5.0
2011,650000,375000,8.0
2013,625000,160000,7.0
2014,425000,80000,5.0
2004,55000,50000,4.0
2015,250000,80000,5.0
2015,459999,156975,9.0
2017,1594000,5000,5.0
2014,300000,50000,5.0
2018,950000,27620,5.0
2013,484999,120000,9.0
2009,161000,120000,8.0
2015,500000,58000,5.0
2012,350000,50000,5.0
2017,550000,40000,5.0
2018,850000,7800,5.0
2016,240000,50000,5.0
2011,950000,68000,7.0
2015,423000,60000,7.0
2005,90000,74000,5.0
2011,350000,58000,7.0
2011,170000,70000,5.0
2015,450000,70000,5.0
2009,150000,110000,5.0
2002,75000,80000,
2016,511000,80000,5.0
2018,850000,59000,7.0
2018,250000,110000,5.0
2020,420000,25000,5.0
2014,180000,55000,5.0
2015,400000,25000,5.0
2009,150000,300000,7.0
2016,500000,143200,5.0
2017,1689999,60000,5.0
2012,204999,120000,5.0
2014,459999,145000,5.0
2017,600000,30000,5.0
2019,585000,8000,5.0
2012,551000,170000,7.0
2013,525000,100000,5.0
2012,160000,62000,5.0
2014,825000,110000,7.0
2007,127000,137000,
2015,600000,80000,9.0
2002,65000,80000,5.0
2013,550000,100000,5.0
2015,650000,120000,9.0
2019,750000,24000,5.0
2017,380000,80000,6.0
2012,400000,138000,5.0
2003,50000,147000,5.0
2017,750000,60000,7.0
2011,150000,80000,5.0
2016,245000,50000,5.0
2013,260000,189000,5.0
2014,411000,90000,5.0
2014,450000,56000,5.0
2012,1300000,140000,5.0
2016,351000,60000,5.0
2012,550000,130000,7.0
2013,1300000,140000,5.0
2013,260000,189000,5.0
2014,411000,90000,5.0
2014,450000,56000,5.0
2012,1300000,140000,5.0
2016,351000,60000,5.0
2012,550000,130000,7.0
2013,1300000,140000,5.0
2016,750000,35000,5.0
2015,800000,35000,5.0
2011,350000,156000,7.0
2013,200000,90000,5.0
2008,150000,60000,5.0
2016,800000,36000,5.0
2017,350000,20000,5.0
2011,350000,160000,7.0
2006,250000,185000,9.0
2010,170000,110000,5.0
2018,395000,10800,5.0
2012,450000,120000,7.0
2019,500000,15000,5.0
2012,200000,67500,10.0
2017,1200000,30000,7.0
2016,400000,50000,6.0
2016,650000,100000,7.0
2016,550000,150000,9.0
2015,1100000,110000,7.0
2012,254999,30000,5.0
2011,180000,60000,5.0
2010,160000,255000,8.0
2008,225000,120000,5.0
2015,270000,49900,5.0
2012,310000,86000,5.0
2015,225000,71850,5.0
2015,300000,95000,5.0
2008,250000,70000,5.0
2011,180000,35000,5.0
2015,550000,50000,5.0
2007,300000,120000,7.0
2015,900000,145000,5.0
2012,254999,190000,
2018,1530000,40000,7.0
2015,590000,110000,5.0
2008,170000,112000,5.0
2017,2600000,70000,5.0
2016,475000,110000,5.0
2018,700000,29000,5.0
2011,376000,60000,5.0
2002,100000,120000,
2004,75000,46000,4.0
2012,440000,120000,8.0
2016,390000,80000,5.0
2012,725000,159000,7.0
2012,325000,110000,7.0
2010,170000,75000,5.0
2010,215000,120000,5.0
2010,350000,110000,5.0
2009,80000,80000,5.0
2012,195000,80000,5.0
2011,280000,85000,
2014,335000,71000,5.0
2011,475000,108000,7.0
2015,484999,75000,5.0
2018,650000,22000,5.0
2014,1850000,76131,5.0
2018,700000,30000,5.0
2014,3000000,65000,7.0
2018,900000,60000,7.0
2013,350000,80000,5.0
2005,285000,80000,5.0
2012,1850000,70000,7.0
2017,750000,51777,5.0
2013,1650000,64788,5.0
2018,600000,20000,5.0
2018,565000,19000,5.0
2000,86000,46951,5.0
2016,329000,19000,5.0
2016,650000,50000,5.0
2015,822000,60000,5.0
2013,345000,100000,5.0
2001,30000,10000,5.0
2012,330000,50000,5.0
2014,300000,74537,5.0
2009,200000,90000,5.0
2012,200000,80000,
2010,90000,70000,5.0
2010,200000,80000,5.0
2016,550000,35000,5.0
2015,250000,23500,5.0
2017,975000,82000,5.0
2014,900000,100000,8.0
2018,610000,15000,5.0
2017,620000,30000,5.0
2016,400000,30000,5.0
2019,500000,11000,5.0
2017,200000,140000,7.0
2016,360000,110000,5.0
2012,252000,48000,5.0
2012,280000,70000,5.0
2018,509999,70000,5.0
2016,1050000,58000,7.0
2010,200000,40000,5.0
2005,60000,90000,5.0
2010,320000,40000,7.0
2013,520000,110000,9.0
2007,250000,80000,7.0
2017,725000,60000,5.0
2015,585000,50000,7.0
2017,430000,25000,5.0
2011,235000,100000,5.0
2012,350000,52000,5.0
2010,131000,80000,5.0
2016,450000,85000,5.0
2016,750000,83000,5.0
2013,200000,50000,5.0
2009,125000,120000,5.0
2014,500000,100000,7.0
2012,380000,70000,5.0
2008,128000,19000,5.0
2009,250000,68600,5.0
2017,690000,60000,7.0
2014,650000,65000,7.0
2012,560000,40000,5.0
2012,120000,160000,
2016,400000,25000,5.0
2012,200000,29500,5.0
2018,950000,13887,5.0
2016,300000,50000,5.0
2016,315000,30000,5.0
2012,220000,100000,5.0
2011,130000,60000,5.0
2016,595000,60000,5.0
2011,110000,120000,5.0
2017,680000,13500,5.0
2013,280000,52000,5.0
2017,530000,30000,5.0
2017,610000,14000,5.0
2014,500000,90000,7.0
2018,500000,50000,5.0
2010,250000,120000,8.0
2018,325000,10000,5.0
2018,550000,10000,5.0
2018,720000,25000,5.0
2017,950000,20000,5.0
2013,350000,60000,5.0
2018,500000,40000,5.0
2012,380000,60000,5.0
2015,380000,50000,5.0
2017,900000,20000,5.0
2017,295000,35000,5.0
2016,640000,40000,5.0
2018,790000,60000,5.0
2015,625000,20000,5.0
2017,604000,30000,5.0
2015,315000,29000,5.0
2019,950000,17000,5.0
2017,400000,50000,5.0
2018,700000,42000,5.0
2011,700000,120000,8.0
2012,260000,110000,5.0
2012,200000,90000,5.0
2020,580000,70000,5.0
2011,330000,66000,5.0
2011,400000,70000,5.0
2018,1350000,5000,5.0
2014,250000,50000,5.0
2019,725000,25000,5.0
2013,300000,70000,5.0
2006,120000,40000,4.0
2016,1175000,110000,7.0
2009,380000,150000,7.0
2014,400000,45000,5.0
2005,140000,90000,5.0
2011,229999,140000,7.0
2003,110000,83000,5.0
2011,550000,106000,5.0
2008,150000,60000,5.0
2017,265000,40000,8.0
2011,300000,138000,5.0
2015,280000,80000,5.0
2005,130000,50000,5.0
2015,350000,50000,5.0
2009,200000,120000,5.0
2018,550000,24400,5.0
2013,400000,60000,7.0
2010,170000,120000,5.0
2015,600000,60000,5.0
2011,130000,100000,5.0
2007,120000,60000,
2011,100000,120000,4.0
2016,310000,27500,5.0
2007,35000,10000,4.0
2010,200000,120000,5.0
2009,270000,70000,
2015,650000,80000,5.0
2013,210000,120000,5.0
2015,509999,90000,5.0
2013,229999,70000,5.0
2014,409999,188000,5.0
2011,130000,67840,5.0
2013,95000,30000,4.0
2016,225000,35000,5.0
2010,256999,150000,
2017,775000,100000,5.0
2017,420000,30000,5.0
2016,480000,70000,5.0
2003,200000,149032,
2010,260000,380000,7.0
2011,210000,84050,
2018,600000,15000,5.0
2009,140000,140000,5.0
2010,130000,120000,8.0
2007,195000,112880,5.0
2013,210000,135000,5.0
2006,130000,80000,5.0
2012,141000,128000,5.0
2011,280000,120000,7.0
2010,350000,30000,5.0
2018,575000,70000,5.0
2015,550000,41000,5.0
2011,420000,28100,
2006,120000,30000,5.0
2015,320000,30000,5.0
2011,250000,35000,5.0
2010,300000,22000,5.0
2006,250000,70000,5.0
2005,120000,100000,
2018,750000,70000,7.0
2005,151000,200000,8.0
2011,300000,120000,7.0
2019,577000,3000,5.0
2012,229999,50000,5.0
2013,500000,50000,7.0
2019,840000,1500,5.0
2017,900000,74000,5.0
2017,650000,25000,5.0
2016,650000,61915,5.0
2016,250000,110000,5.0
2016,550000,70000,5.0
2007,250000,150000,5.0
2013,350000,110000,7.0
2014,185000,90000,5.0
2010,229999,120000,5.0
2016,1000000,65000,8.0
2019,490000,10000,5.0
2009,150000,80000,5.0
2013,600000,184000,7.0
2013,270000,80000,5.0
2005,60000,70000,5.0
2008,150000,89000,5.0
2014,335000,33033,5.0
2013,525000,69000,5.0
2015,465000,63063,5.0
2012,83000,90000,5.0
2017,300000,8000,5.0
2012,350000,35000,5.0
2011,300000,45000,5.0
2011,250000,30000,5.0
2006,114999,59000,4.0
2018,700000,6200,7.0
2020,250000,120000,5.0
2016,350000,70000,5.0
1998,80000,70000,5.0
2017,850000,110000,7.0
2004,70000,158000,
2007,90000,93000,5.0
2014,600000,110000,10.0
2007,135000,57000,5.0
2005,150000,120000,5.0
2012,259000,35000,5.0
2012,220000,90000,5.0
2012,246000,35000,5.0
2009,240000,120000,5.0
2018,946000,60000,5.0
2011,215000,70000,5.0
1999,50000,60000,5.0
2013,310000,100000,5.0
2008,220000,35000,5.0
2008,195000,90000,5.0
2015,650000,50000,5.0
2011,350000,98000,5.0
2013,360000,30000,5.0
2013,550000,50000,5.0
2016,490000,26000,5.0
2011,195000,46000,5.0
2010,125000,80000,5.0
2019,459999,10000,5.0
2015,275000,16700,5.0
2018,680000,70000,5.0
2015,600000,7967,5.0
2018,720000,20000,5.0
2011,295000,50000,
2016,356000,9656,5.0
2011,225000,50000,5.0
2019,725000,17000,5.0
2010,130000,50000,5.0
2015,300000,10000,5.0
2013,400000,43000,5.0
2013,550000,50000,5.0
2006,120000,90000,5.0
2012,409999,100000,8.0
2010,110000,80000,5.0
2012,450000,120000,7.0
2019,610000,5000,5.0
2016,515000,68609,5.0
2018,925000,33360,5.0
2019,860000,14317,5.0
2012,225000,87237,5.0
2017,500000,62960,5.0
2017,600000,26634,5.0
2012,195000,163720,5.0
2012,265000,67998,5.0
2018,650000,20706,5.0
2015,415000,100581,5.0
2015,600000,67303,5.0
2013,340000,79139,5.0
2014,350000,84784,5.0
2012,265000,130376,5.0
2017,625000,72000,7.0
2008,245000,127000,5.0
2014,395000,120000,5.0
2010,190000,120000,
2014,490000,100000,5.0
2012,450000,148000,
2018,955000,40000,7.0
2013,525000,110000,5.0
2017,550000,30000,5.0
2014,200000,120000,5.0
2017,500000,15000,5.0
2016,825000,33500,5.0
2012,250000,70000,7.0
2015,600000,10000,5.0
2018,1325000,22053,7.0
2016,770000,50000,7.0
2011,415000,78432,5.0
2011,825000,125000,7.0
2018,530000,80000,5.0
2006,425000,270000,8.0
2012,310000,50000,5.0
2017,390000,20000,5.0
2016,700000,30000,5.0
2010,200000,70000,5.0
2013,1050000,7200,8.0
2014,580000,97000,5.0
2014,200000,60000,5.0
2013,245000,25000,5.0
2010,210000,94000,5.0
2005,50000,90000,5.0
2012,700000,50000,7.0
2019,660000,35000,5.0
2015,630000,117500,5.0
2012,950000,78500,7.0
2018,740000,8000,5.0
2017,570000,25000,5.0
2012,450000,60000,5.0
2019,390000,10000,5.0
2009,180000,70000,5.0
2015,130000,60000,4.0
2006,270000,70000,5.0
1997,60000,25000,4.0
2006,170000,90000,5.0
2015,978999,90000,5.0
2018,490000,25000,5.0
2012,280000,60000,5.0
2018,390000,25000,5.0
2013,170000,60000,5.0
2008,45000,70000,5.0
2016,640000,80000,7.0
2015,650000,110000,9.0
2013,500000,115717,9.0
2008,90000,110000,5.0
2014,480000,70000,7.0
2019,630000,4000,5.0
2011,250000,50000,5.0
2016,330000,70000,5.0
2009,180000,70000,5.0
2010,210000,50000,5.0
2016,550000,55000,5.0
2020,950000,5000,5.0
2013,430000,100000,7.0
2014,348000,23000,5.0
2014,196000,60000,5.0
2010,150000,70000,5.0
2005,90000,82000,
2009,150000,60000,5.0
2019,1250000,100000,7.0
2015,600000,90000,7.0
2010,65000,26432,4.0
2016,220000,46702,8.0
2016,220000,46706,8.0
2006,110000,53523,5.0
2012,175000,56365,5.0
2011,160000,49563,5.0
2004,65000,56432,4.0
2002,60000,52365,4.0
2007,120000,53512,5.0
2005,110000,53563,
2013,1000000,40000,7.0
2010,220000,46533,5.0
2005,105000,59635,
2008,114999,58632,5.0
2008,110000,58632,
2016,850000,80000,7.0
2016,750000,70000,7.0
2017,265000,90000,5.0
2014,450000,110000,5.0
2013,225000,90000,7.0
2015,1125000,70000,7.0
2009,270000,80000,5.0
2007,130000,78000,5.0
2017,660000,45000,7.0
2015,240000,50000,5.0
2017,275000,58000,5.0
2012,750000,120000,8.0
2007,65000,30000,5.0
2017,850000,162000,7.0
2016,300000,50000,5.0
2018,555000,25000,5.0
2015,825000,60000,7.0
2010,150000,70000,5.0
2009,185000,138000,5.0
2010,180000,70000,5.0
2010,160000,48000,5.0
2012,500000,110000,7.0
2014,375000,88000,5.0
2015,900000,68000,7.0
2017,459999,70000,5.0
2014,480000,80000,5.0
2013,320000,100000,5.0
2013,370000,96000,5.0
2005,80000,123219,
2002,75000,30000,5.0
2016,400000,60000,5.0
2005,250000,90000,
2014,425000,65000,5.0
2014,325000,48000,5.0
2016,350000,65300,5.0
2018,600000,40000,5.0
2012,120000,60000,5.0
2012,200000,70000,5.0
2008,100000,70000,5.0
2014,350000,70000,5.0
2006,85000,150000,5.0
2019,399000,10000,5.0
2014,580000,56000,5.0
2017,290000,30000,5.0
2014,380000,50000,5.0
2010,200000,120000,5.0
2018,390000,40000,5.0
2017,500000,27500,5.0
2012,520000,73000,7.0
2017,650000,75000,5.0
2018,380000,5000,5.0
2010,275000,50000,5.0
2015,520000,70000,5.0
2015,610000,60000,5.0
2004,85000,110000,5.0
2013,490000,95000,5.0
2015,229999,34000,5.0
2015,411000,25000,5.0
2019,362000,120000,5.0
2014,550000,31000,5.0
2018,459999,70000,5.0
2011,190000,47000,5.0
2019,499000,5000,5.0
2018,358000,44000,7.0
2012,278000,120000,5.0
2014,320000,39395,5.0
2013,580000,67000,5.0
2019,1300000,20000,5.0
2018,825000,40000,5.0
2004,170000,120000,5.0
2014,1700000,80000,7.0
2018,490000,7000,5.0
2018,1050000,15000,7.0
2016,210000,50000,5.0
2016,1250000,30000,7.0
2012,320000,120000,5.0
2012,400000,64000,5.0
2013,320000,120000,5.0
2012,600000,85000,5.0
2012,275000,50000,5.0
2009,170000,59000,5.0
2012,155000,98000,5.0
2012,240000,70000,
2012,240000,70000,
2011,320000,120000,
2015,620000,140000,5.0
2017,530000,50000,5.0
2015,550000,40000,5.0
2014,600000,90000,5.0
2014,649000,117000,7.0
2014,625000,90000,5.0
2010,125000,70000,5.0
2009,305000,230000,9.0
2010,285000,155000,5.0
2015,600000,60000,5.0
2016,426000,110000,6.0
2010,180000,120000,5.0
2011,400000,100000,5.0
2010,120000,40000,5.0
2012,300000,110000,5.0
2011,190000,92500,5.0
2017,310000,20000,5.0
2019,380000,15000,5.0
2019,740000,14000,7.0
2016,260000,35000,5.0
2017,320000,32000,5.0
2013,211000,90000,5.0
2018,650000,35000,5.0
2017,651000,32500,5.0
2019,380000,14000,5.0
2014,160000,70000,5.0
2019,1270000,20000,5.0
2011,300000,300000,5.0
2015,405000,100000,5.0
2015,850000,64800,7.0
2017,680000,90000,7.0
2014,426999,80000,5.0
2015,525000,248000,5.0
2014,1019999,60000,7.0
2005,245000,120000,8.0
2015,869999,120000,5.0
2010,160000,66444,5.0
2016,700000,86000,5.0
2012,300000,90000,5.0
2007,175000,218463,5.0
2012,960000,153000,8.0
2014,525000,70000,6.0
2015,345000,60000,5.0
2015,390000,50000,5.0
2015,275000,20000,5.0
2014,310000,35000,5.0
2017,500000,20000,5.0
2013,200000,70000,5.0
2018,650000,53000,5.0
2018,1031000,60000,5.0
2018,330000,70000,5.0
2019,399000,4000,5.0
2012,250000,103000,5.0
2017,600000,20000,5.0
2013,375000,77000,5.0
2012,375000,90000,5.0
2013,445000,87185,5.0
2003,55000,167000,5.0
2016,611000,77000,5.0
2014,459999,110000,5.0
2011,275000,120000,5.0
2011,185000,170000,5.0
2012,390000,100000,5.0
2007,72000,40000,5.0
2007,90000,50000,5.0
2015,500000,125000,5.0
2011,200000,137000,5.0
2019,1575000,18000,7.0
2015,511000,30000,5.0
2009,150000,55000,5.0
2020,1500000,40000,8.0
2013,185000,80000,5.0
2018,550000,30000,5.0
2017,325000,3564,5.0
2015,525000,80000,5.0
2018,1050000,13000,7.0
2012,300000,120000,5.0
2011,120000,90000,5.0
2017,2625000,9000,5.0
2019,5150000,20000,5.0
2017,3200000,45000,5.0
2015,503000,110000,7.0
2019,3800000,20000,5.0
2016,2000000,68089,5.0
2013,225000,58343,5.0
2018,740000,38817,5.0
2016,550000,56494,5.0
2013,750000,79328,7.0
2019,650000,5621,5.0
2017,625000,25538,5.0
2018,600000,69779,5.0
2017,450000,56290,5.0
2019,5400000,7500,5.0
2019,5500000,8500,5.0
2019,779000,7032,5.0
2016,645000,11000,5.0
2018,2475000,2000,5.0
2011,170000,50000,5.0
2010,320000,42000,5.0
2016,350000,17000,5.0
2018,500000,40000,5.0
2009,135000,137000,5.0
2018,340000,20000,5.0
2020,330000,70000,5.0
2011,350000,48756,5.0
2015,1850000,30000,7.0
2016,400000,110000,5.0
2014,325000,80322,5.0
2015,1000000,35000,7.0
2017,850000,110000,7.0
2012,350000,70000,5.0
2017,2625000,9000,5.0
2019,5150000,20000,5.0
2017,3200000,45000,5.0
2015,503000,110000,7.0
2019,3800000,20000,5.0
2016,2000000,68089,5.0
2013,225000,58343,5.0
2018,740000,38817,5.0
2016,550000,56494,5.0
2013,750000,79328,7.0
2019,650000,5621,5.0
2017,625000,25538,5.0
2018,600000,69779,5.0
2017,450000,56290,5.0
2019,5400000,7500,5.0
2019,5500000,8500,5.0
2019,779000,7032,5.0
2016,645000,11000,5.0
2018,2475000,2000,5.0
2012,500000,90000,
2015,550000,120000,7.0
2015,925000,60000,7.0
2010,509999,97000,8.0
2011,250000,100000,8.0
2015,500000,36000,5.0
2019,1050000,27000,5.0
2014,490000,50000,5.0
2020,415000,15000,5.0
2013,190000,60000,5.0
2018,680000,120000,5.0
2013,190000,60000,5.0
2013,479000,173000,7.0
2016,270000,60000,5.0
2008,170000,70000,5.0
2018,764000,25000,5.0
2019,710000,30000,7.0
2017,310000,35000,5.0
2017,620000,100000,7.0
2017,280000,31000,5.0
2015,1500000,80000,7.0
2016,450000,40000,5.0
2017,2199000,10000,5.0
2013,3600000,50000,5.0
2008,285000,60000,5.0
2007,465000,210000,8.0
2009,1100000,60000,5.0
2011,350000,110000,5.0
2017,600000,35000,7.0
2017,570000,35000,5.0
2016,325000,20000,5.0
2016,975000,54000,7.0
2015,480000,60000,5.0
2014,185000,10300,5.0
2015,1050000,50000,5.0
2019,760000,3000,5.0
2019,570000,5000,5.0
2006,130000,145000,
2018,700000,13000,5.0
2015,775000,30000,5.0
2007,750000,60000,5.0
2010,140000,100000,5.0
2016,220000,40000,5.0
2013,184000,15000,5.0
2002,210000,275000,
2017,440000,50000,5.0
2017,650000,80000,5.0
2017,660000,50000,7.0
2017,380000,30000,5.0
2012,415000,125000,5.0
2012,225000,110000,5.0
2013,600000,30000,7.0
2014,620000,148000,7.0
2016,750000,35000,7.0
2016,400000,80000,5.0
2005,110000,110000,5.0
2012,119000,95000,5.0
2015,600000,25000,5.0
2011,200000,80000,5.0
2014,280000,60000,5.0
2013,375000,100000,5.0
2016,350000,50000,7.0
2017,620000,31000,5.0
2017,570000,120000,5.0
2012,290000,105000,5.0
2016,711000,120000,7.0
2012,370000,60000,5.0
2020,550000,15000,5.0
2013,325000,150000,5.0
2018,670000,93000,5.0
2017,385000,42000,5.0
2008,114999,80000,5.0
2010,200000,90000,5.0
2019,860000,6500,5.0
2018,600000,60000,5.0
2016,265000,110000,5.0
2015,155000,60000,5.0
2019,900000,60000,5.0
2013,650000,170000,7.0
2004,70000,220000,4.0
2012,180000,80000,5.0
2013,200000,57000,5.0
2014,300000,100000,5.0
2015,650000,40000,5.0
2014,267000,40000,5.0
2018,450000,50000,5.0
2014,400000,90000,5.0
2012,310000,86000,8.0
2009,70000,15000,4.0
2017,675000,70000,7.0
2013,350000,120000,5.0
2014,240000,80000,5.0
2014,185000,80000,5.0
2017,250000,50000,5.0
2009,135000,100000,5.0
2011,500000,80000,5.0
2010,300000,108957,7.0
2017,328000,68000,5.0
2015,509999,65000,7.0
2015,575000,110000,8.0
2012,700000,50000,8.0
2008,105000,100000,5.0
2008,60000,80000,4.0
2008,112999,80000,5.0
2015,229999,120000,5.0
2012,325000,150000,5.0
2017,650000,20000,5.0
2009,85000,80000,5.0
2015,570000,93000,7.0
2015,525000,134000,5.0
2013,350000,90000,5.0
2007,250000,60000,5.0
2010,300000,120000,8.0
2017,1325000,30000,5.0
2017,650000,22200,5.0
2018,520000,6000,5.0
2016,500000,32000,5.0
2016,220000,90000,5.0
2017,650000,78000,5.0
2017,819999,12000,5.0
2016,645000,120000,5.0
2015,780000,40000,7.0
2008,215000,110000,5.0
2007,600000,260000,7.0
2011,114999,10000,5.0
2012,75000,12000,5.0
2011,120000,60000,5.0
2016,250000,41000,5.0
2018,200000,25000,8.0
2015,380000,30000,5.0
2018,560000,50000,5.0
2018,575000,10000,5.0
2017,620000,40000,7.0
2012,525000,120000,8.0
2017,635000,40000,5.0
2016,650000,80000,5.0
2001,39000,42108,4.0
2017,550000,70000,5.0
2009,145000,150000,5.0
2007,130000,100000,5.0
2017,825000,79000,7.0
2015,1650000,91000,7.0
2018,875000,50000,5.0
2016,650000,81000,5.0
2014,2000000,51000,5.0
2018,2850000,27000,5.0
2018,2800000,26000,5.0
2018,3900000,17100,5.0
2013,246000,56000,5.0
2013,325000,60000,5.0
2019,1450000,22000,5.0
2017,850000,30000,7.0
2015,560000,43001,5.0
2015,575000,60000,7.0
2019,470000,9000,5.0
2014,221000,65000,5.0
2014,680000,95000,8.0
2013,700000,62000,7.0
2016,1950000,48000,5.0
2015,875000,72000,5.0
2017,850000,35000,5.0
2013,550000,100600,5.0
2013,480000,105000,5.0
2017,1050000,90000,7.0
2016,631000,92385,7.0
2015,165000,25000,4.0
2010,320000,60000,5.0
2012,360000,100000,5.0
2004,130000,100000,
2006,175000,25000,5.0
2016,725000,120000,5.0
2014,280000,185000,5.0
2011,325000,134000,5.0
2014,320000,120000,5.0
2018,500000,120000,5.0
2014,825000,165000,7.0
2016,350000,120000,5.0
2011,470000,89000,5.0
2009,125000,120000,5.0
2006,140000,120000,5.0
2013,484999,50000,5.0
2018,308000,15000,5.0
2019,570000,13000,5.0
2010,900000,240000,7.0
2017,1800000,45000,5.0
2005,400000,30000,
2018,680000,28000,5.0
2017,700000,70000,5.0
2011,240000,116000,7.0
2014,280000,90000,5.0
2010,125000,120000,5.0
2009,130000,100000,
2015,434999,50000,5.0
2015,1050000,120000,7.0
2013,1200000,72500,5.0
2013,400000,120000,5.0
2014,850000,120000,7.0
2014,475000,83000,5.0
2003,150000,40000,5.0
2018,2900000,46000,7.0
2015,1100000,137000,7.0
2017,285000,25000,5.0
2018,650000,50000,5.0
2012,275000,60000,5.0
2000,60000,100000,4.0
2011,229999,105000,5.0
2015,300000,20000,5.0
2016,940000,50000,7.0
2015,600000,120000,5.0
2017,800000,70000,5.0
2017,580000,90000,5.0
2018,450000,75000,5.0
2011,290000,82500,5.0
2014,530000,110000,5.0
2019,960000,20000,5.0
2009,290000,110000,5.0
2008,160000,100000,5.0
2017,400000,52000,5.0
2017,700000,90000,5.0
2012,361000,90000,5.0
2013,390000,53000,5.0
2012,200000,180000,5.0
2013,390000,53000,5.0
2013,500000,53000,5.0
2011,200000,50600,5.0
2015,503000,110000,7.0
2017,775000,32000,5.0
2018,750000,5000,5.0
2018,570000,25000,5.0
2016,484999,30000,5.0
2017,700000,43000,7.0
2012,415000,60000,5.0
2014,484999,54000,5.0
2016,675000,52000,5.0
2015,680000,50000,5.0
2013,235000,52000,5.0
2018,1700000,15000,7.0
2015,1200000,50000,7.0
2014,630000,56000,5.0
2018,640000,82000,5.0
2014,355000,121000,5.0
2012,560000,101903,8.0
2018,580000,120000,5.0
2010,185000,85568,5.0
2019,660000,10000,5.0
2014,220000,10000,5.0
2007,150000,60000,5.0
2011,484999,80000,5.0
2019,509999,10000,5.0
2014,515000,60000,7.0
2014,1250000,42000,5.0
2014,350000,50000,8.0
2018,375000,11500,5.0
2019,950000,15000,5.0
2015,615000,32000,5.0
2011,275000,50000,5.0
2020,7200000,5000,7.0
2017,400000,10000,5.0
2019,930000,15000,5.0
2012,310000,100000,5.0
2012,320000,120000,
2016,1670000,25000,7.0
2013,356000,70000,5.0
2013,500000,32000,5.0
2018,409999,35000,5.0
2019,980000,50000,5.0
2005,150000,100000,7.0
2019,750000,3100,5.0
2013,500000,60000,5.0
2013,355000,170000,5.0
2011,200000,50000,5.0
2008,370000,120000,8.0
2015,450000,20000,5.0
2015,486000,10000,5.0
2011,242000,120000,5.0
2018,580000,25000,5.0
2014,500000,130000,5.0
2004,170000,120000,
2013,300000,40000,7.0
2016,710000,60000,7.0
2012,220000,70000,5.0
2020,654000,1000,5.0
2019,835000,10000,5.0
2010,250000,47000,5.0
2019,600000,18000,5.0
2016,459999,60000,5.0
2018,275000,20000,5.0
2017,408000,60000,5.0
2018,1200000,25000,7.0
2014,375000,52000,5.0
2006,94500,44000,5.0
2011,300000,17000,5.0
2009,350000,35000,5.0
2011,975000,120000,7.0
2015,600000,100000,5.0
2014,700000,300000,7.0
2017,640000,90000,7.0
2017,1110000,186000,5.0
2014,570000,79000,7.0
2010,451999,120000,7.0
2016,240000,59300,5.0
2014,680000,120000,7.0
2015,350000,60000,5.0
2012,360000,60000,5.0
2010,250000,80000,5.0
2019,550000,11500,5.0
2012,180000,56000,5.0
2016,425000,68000,5.0
2019,409999,25000,5.0
2018,438999,25000,5.0
2014,225000,100000,5.0
2017,580000,95000,9.0
2008,200000,100000,5.0
2006,75000,90000,
2013,250000,47000,5.0
2011,170000,175000,5.0
2010,300000,60000,5.0
2005,160000,300000,7.0
